Test Class,Test Case,Result,Info
Assert_That,assert_eq_pass,Passed,''
Assert_That,assert_eq_fail,Passed,''
Assert_That,assert_neq_pass,Passed,''
Assert_That,assert_neq_fail,Passed,''
Assert_That,assert_none_pass,Passed,''
Assert_That,assert_none_fail,Passed,''
Assert_That,assert_not_none_pass,Passed,''
Assert_That,assert_not_none_fail,Passed,''
Assert_That,assert_raises_plass,Passed,''
Assert_That,assert_raises_fail,Passed,''
Assert_That,assert_within_pass,Passed,''
Assert_That,assert_within_fail,Passed,''
Assert_That,assert_within_pass,Passed,''
Assert_That,assert_within_fail,Passed,''
